CustomerID,Title,FirstName,LastName,PhoneNumber,Email,Password,DOB
C1750,Ms,Twyla,Wroth,440384790371,twroth0@nih.gov,dE1%J/33<x4>pU,9/11/1973
C1751,Ms,Ardella,Bushby,446670185093,abushby1@ycombinator.com,yL4\fwLv|<|,2/10/1988
C1752,Mrs,Jourdan,Gever,444737177236,jgever2@wiley.com,"xE0+k,DcbF",11/8/1986
C1753,Rev,Cosetta,Maultby,440537317881,cmaultby3@bloglines.com,tS4{`mya#r/cX,12/1/1979
C1754,Rev,Claudio,McKune,446358521457,cmckune4@wix.com,iI7\/X4)3b1,7/5/1977
C1755,Dr,Darcy,Lancetter,441107061390,dlancetter5@sbwire.com,aI5@_&hKQoBJ1iD,1/11/2005
C1756,Dr,Sloane,Larder,440385673326,slarder6@gov.uk,"lB2%iU9g7,r9of",28/12/2007
C1757,Rev,Charleen,Blazewski,444642152423,cblazewski7@chron.com,oF7#weR0,21/2/1992
C1758,Dr,Barbie,Meric,446203713535,bmeric8@paginegialle.it,"cQ2""kDp{N?eb",13/7/1981
C1759,Dr,Lorine,Setchell,444490670419,lsetchell9@vk.com,rZ4%j+B6U?W,7/11/1971
C1760,Rev,Kory,Wims,447069596034,kwimsa@blogger.com,wI8_f2Pn,21/10/1979
C1761,Rev,Stacia,Fazan,442816040173,sfazanb@ifeng.com,zX8~QJu/,12/10/1975
C1762,Rev,Andriana,Andrus,444847783197,aandrusc@comcast.net,pL0!w>V7,15/3/1979
C1763,Mrs,Lotte,Benediktovich,448770567086,lbenediktovichd@cdbaby.com,hH6%qP'{,19/3/1982
C1764,Rev,Simonette,Kender,440287356361,skendere@miibeian.gov.cn,iM7<PLEefCI0j,11/2/1983
C1765,Ms,Sonnie,Wilder,446659391628,swilderf@e-recht24.de,zR5&gxz%`=HWOA,17/3/1977
C1766,Mrs,Alice,Buckham,448047707644,abuckhamg@bandcamp.com,lM6&T(3L.i,14/6/2005
C1767,Mrs,Base,Schelle,449201639599,bschelleh@wired.com,tL6\f6ep,31/1/2006
C1768,Dr,Moore,Alldred,445714285079,malldredi@sun.com,"fH9,f5h*36C6m",6/11/1998
C1769,Mr,Allison,Darrel,440186070145,adarrelj@si.edu,lJ2+>Z<QQ'pxK<~,3/4/1992
C1770,Mrs,Yvonne,Russon,444945474035,yrussonk@digg.com,xU2=!Rm.<)o%l<,16/3/2008
C1771,Ms,Dolph,Revens,445011484274,drevensl@wikipedia.org,dF5{e_T3o*IslDpJ,14/6/1978
C1772,Ms,Stirling,Alexandersson,443885773405,salexanderssonm@adobe.com,eM0|&)2eOa|6,8/6/1985
C1773,Dr,Pier,Odger,449827491395,podgern@twitpic.com,dP1_aNPUaAD8,13/2/1994
C1774,Rev,Nora,Glanvill,448239679223,nglanvillo@canalblog.com,kO6*5EYhy2kg,20/2/1982
C1775,Ms,Garth,Bees,448224630878,gbeesp@howstuffworks.com,aN1?j6|wZM2Ue/?+,24/3/1998
C1776,Dr,Caresse,Stebbins,441154410058,cstebbinsq@parallels.com,vS3.7?%Utf?<`%u=,3/11/1989
C1777,Honorable,Georgiana,Bazely,440612191858,gbazelyr@amazon.co.jp,yW2*X#~E}j5R7C'n,24/1/1990
C1778,Dr,Valera,Sutherel,446962477806,vsutherels@pbs.org,lM3)Gl44qNs,28/7/1996
C1779,Mr,Dominique,Domengue,440094321448,ddomenguet@adobe.com,mQ9{vnx(E/p6\yNZ,12/3/1970
C1780,Mrs,Brander,Keaysell,444054799644,bkeaysellu@senate.gov,"nN3)mC6'A#,il",17/12/1985
C1781,Ms,Delcine,Hacksby,447364393602,dhacksbyv@spiegel.de,pK0<j~'Bm/?4Z/z,7/8/1987
C1782,Mrs,Casar,Hitschke,444351716131,chitschkew@miibeian.gov.cn,jO2(qSJ{YMx,18/2/1982
C1783,Dr,Frankie,Agnew,445675264211,fagnewx@vkontakte.ru,cZ7|(w{F,17/8/1983
C1784,Mrs,Mariette,Haensel,440825562065,mhaensely@fda.gov,"cR1*x,RlvV'4HI_",16/12/1981
C1785,Mr,Amery,Ahmed,447012652299,aahmedz@purevolume.com,tM4|pm\`aZ9Z&KU,15/1/1973
C1786,Dr,Edyth,Beernt,448534218636,ebeernt10@va.gov,"qQ9`}|}AC""W",22/10/1992
C1787,Ms,Clemmy,Mockett,442693825859,cmockett11@berkeley.edu,xB8(WLpK,24/5/2008
C1788,Honorable,Isabella,Tift,446300071824,itift12@hatena.ne.jp,vQ9)SCv6Ww9`,15/6/1992
C1789,Honorable,Marie,McAne,442943435811,mmcane13@instagram.com,"zK1>""nq>8",17/5/2006
C1790,Mrs,Jonathon,Farenden,448770196165,jfarenden14@creativecommons.org,fD4_)o&%D(EDkiks,25/9/1973
C1791,Mr,Rog,Bezarra,442382212116,rbezarra15@wufoo.com,zV2?`)s#`J,29/9/1995
C1792,Honorable,Belinda,Lafond,444760164770,blafond16@seesaa.net,uR5'J6?O!XR,11/9/1988
C1793,Mr,Myrtie,Dwelly,448904973848,mdwelly17@adobe.com,vP4*e~R+Hp~mhR8v,26/7/2002
C1794,Rev,Carlie,Curwood,449183032001,ccurwood18@opera.com,xO9|F<_ckAWje,13/9/1981
C1795,Honorable,Garrard,Melpuss,448322039605,gmelpuss19@netscape.com,kY6.@lHYZ8d1!A7},6/1/1971
C1796,Mr,Andie,Sekulla,446657701434,asekulla1a@mashable.com,"pO0}m3""w",3/12/1992
C1797,Dr,Austina,Kernermann,449127871073,akernermann1b@princeton.edu,bW3$$%'Wr`Yx,14/1/2001
C1798,Honorable,Engelbert,Cainey,444837033530,ecainey1c@last.fm,hX7'6v~efGtP.pM6,9/6/2004
C1799,Honorable,Iorgo,Fewings,444341749830,ifewings1d@go.com,zV9'k9Q.O,31/5/1988
C1800,Rev,Tamma,Barus,449239629473,tbarus1e@qq.com,"oC6{vGa""*pg",17/9/1996
C1801,Ms,Brewer,Burchmore,442814361238,bburchmore1f@miibeian.gov.cn,hJ3@l/e~,12/3/2002
C1802,Mrs,Jerome,Utterson,440350906931,jutterson1g@ebay.co.uk,xP1$L5_Q,5/2/1978
C1803,Mrs,Engelbert,Polhill,444504824006,epolhill1h@mozilla.com,"zW6.N4cNW,bY?>",14/5/1977
C1804,Rev,Shep,Regenhardt,441699883194,sregenhardt1i@netlog.com,jB7#n&`nHUW,18/9/1997
C1805,Rev,Emmie,Tooby,443937144551,etooby1j@cam.ac.uk,"kN0,vL`l5Ao",10/10/1972
C1806,Mrs,Reggis,Millins,441319718631,rmillins1k@goo.gl,lS4?kB`y6QzT,22/3/1996
C1807,Mr,Viki,Purselow,448646867386,vpurselow1l@examiner.com,tQ9/!KYB{9QF,29/3/1982
C1808,Dr,Ginevra,Iorizzo,447564830544,giorizzo1m@fotki.com,uY6(SNE%l%,30/6/1978
C1809,Mr,Evered,Heller,446331922198,eheller1n@purevolume.com,xJ3(?xI}wsiD)ci4,14/6/1986
C1810,Dr,Guendolen,Pretsell,442217881451,gpretsell1o@tripadvisor.com,"iT7,6K<WbD.y1wh",7/11/1984
C1811,Dr,Langston,Evenett,442045823158,levenett1p@tinyurl.com,vK9|R`wP,6/12/1988
C1812,Dr,Gina,Haibel,448837399724,ghaibel1q@rediff.com,tO5~cZdL3crAD,11/1/1997
C1813,Rev,Randie,Daw,449138173623,rdaw1r@sina.com.cn,bV8(.%|gnof90,22/10/1981
C1814,Rev,Gerardo,Dict,447414966172,gdict1s@umn.edu,vA9#`J#H5`culz,5/2/1989
C1815,Honorable,Nahum,Buckleigh,447841607648,nbuckleigh1t@hostgator.com,zE0%0OVTVn$DZl}V,27/12/1971
C1816,Mr,Malchy,Grishechkin,442874863566,mgrishechkin1u@barnesandnoble.com,fL5~RgUS~~+,23/4/1985
C1817,Mrs,Zilvia,O'Brogan,449095773894,zobrogan1v@about.com,mQ2'n?Q_15kC,18/11/1980
C1818,Honorable,Dougy,Sitwell,445689884731,dsitwell1w@wikispaces.com,aN6}dxHz\$`,5/4/2002
C1819,Honorable,Janeta,Learoyde,445775522387,jlearoyde1x@so-net.ne.jp,hQ8<T+e)X`(A`7,13/6/1981
C1820,Rev,Luther,Rolling,445589018118,lrolling1y@blogger.com,"mZ8,_=0T3""*RZ",9/1/1998
C1821,Ms,Kayla,Applewhite,440465479618,kapplewhite1z@imdb.com,yX2)CO4g7JHVd*A/,9/2/1980
C1822,Rev,Reynold,Loeber,443408445455,rloeber20@go.com,xX5`}~=wK6+,4/1/2004
C1823,Mr,Chloette,Sneddon,443123015419,csneddon21@kickstarter.com,lC2\9cLIY7$a!k<,2/5/2004
C1824,Ms,Kingsley,Lindemann,441129034534,klindemann22@rediff.com,uF0#4mH?#|WZQ|.,8/4/1975
C1825,Mrs,Riordan,Jolliman,449483427448,rjolliman23@lulu.com,pJ7>cp@eI5,24/1/1998
C1826,Mr,Alexandra,Furzey,447431878089,afurzey24@domainmarket.com,cP0$akvPMT%1@K,6/5/1984
C1827,Rev,Joni,Fergusson,441143605427,jfergusson25@google.cn,"mL4&|Ja!,",4/4/1974
C1828,Rev,Sinclair,Racine,445318169593,sracine26@diigo.com,jL6{0mG@'w2P,24/4/1990
C1829,Ms,Ruggiero,Aspinell,446850720765,raspinell27@toplist.cz,eC3&qiRCY,21/10/1974
C1830,Honorable,Pierette,Gazey,441937298489,pgazey28@studiopress.com,cS0+O#Z%|F9QfQ,15/6/1988
C1831,Honorable,Trula,Khristyukhin,448699522217,tkhristyukhin29@admin.ch,eX9(dx**'&w,16/5/1982
C1832,Dr,Donovan,Ozintsev,441579900019,dozintsev2a@cbsnews.com,wN5)F~%\x}?P3ML9,11/2/1970
C1833,Honorable,Nadine,Hathwood,444395102077,nhathwood2b@arizona.edu,vX4}q~|TVc)P0/W,21/9/1985
C1834,Rev,Brendan,Danaher,446531494046,bdanaher2c@about.me,"bH8|A,Y'KEU<_",21/10/1973
C1835,Honorable,Kingsly,Djurisic,443744552907,kdjurisic2d@ox.ac.uk,dW9}3uy0O,2/9/1975
C1836,Ms,Shelby,Dallewater,443511760532,sdallewater2e@fc2.com,sG0)*N`G9,30/7/1983
C1837,Dr,Peri,De la Feld,446644947987,pdelafeld2f@arizona.edu,tY6=&BNpGYR,3/10/1992
C1838,Mr,Byrann,Alabaster,442206138114,balabaster2g@scientificamerican.com,nG7/(mE$%IMG,4/7/1995
C1839,Rev,Mack,Western,440970894952,mwestern2h@mashable.com,gL4{#F0/xMHpL,31/7/1998
C1840,Mr,Benjamen,Huster,440297271317,bhuster2i@gmpg.org,cR1|eP%p_%>,8/6/2000
C1841,Mr,Emerson,Sidebotham,447772373115,esidebotham2j@omniture.com,rG8&?Tnq6n,10/10/1985
C1842,Mrs,Llewellyn,Tudball,445616847510,ltudball2k@ameblo.jp,aF2$aoi?6Zpa,15/10/1976
C1843,Dr,Franzen,Avraham,449665344220,favraham2l@ifeng.com,hG4~v=QIqb.,22/10/1994
C1844,Mr,Simmonds,Dellow,444246211077,sdellow2m@state.tx.us,kA1\2cZl~h,15/3/1974
C1845,Honorable,Iolande,Meach,449989305994,imeach2n@infoseek.co.jp,"mL1,vlYh$%v.ixR",11/9/1995
C1846,Ms,Salomon,Duprey,449403229364,sduprey2o@mail.ru,xN7%i=2Z5ePY*,6/4/1972
C1847,Ms,Roscoe,Oldershaw,449461167599,roldershaw2p@forbes.com,"aY5""7v&<nYrBW",12/12/1975
C1848,Rev,Deeann,Gregoire,448248684034,dgregoire2q@pbs.org,cY5`rh$7@,4/5/1992
C1849,Honorable,Robbyn,Hurn,441855590699,rhurn2r@miitbeian.gov.cn,zU4+%U6l@,22/4/1994
C1850,Rev,Sherwin,Bannerman,444857264069,sbannerman2s@guardian.co.uk,kF6\yu1.o0,20/1/1983
C1851,Rev,Nonna,Hinken,443567771399,nhinken2t@psu.edu,lU6{kjS_,18/9/1974
C1852,Honorable,Alexis,Domenico,446356470506,adomenico2u@geocities.jp,fD9&AeNLyI,13/2/1986
C1853,Ms,Jeane,Hynes,446580018044,jhynes2v@nationalgeographic.com,eH2<(f$YurHOz!,31/1/2001
C1854,Ms,Galen,Payler,449562565360,gpayler2w@miitbeian.gov.cn,eU2!R2HYb(Q>aOC,5/10/1970
C1855,Rev,Rosabella,Aleksankin,449078876039,raleksankin2x@amazon.com,qG2&(prJLrLoF,26/7/1985
C1856,Rev,Norbert,Gawthrope,444019378123,ngawthrope2y@ucoz.com,kN0'eT(V}Q66UJX4,24/5/1970
C1857,Rev,Beulah,Jewkes,446711975087,bjewkes2z@samsung.com,gX1#zP/W,6/7/1997
C1858,Dr,Agnes,Vanne,441706185024,avanne30@deviantart.com,"xH1~/hO/""#k",24/6/2004
C1859,Mrs,Glynnis,Jobes,447202580601,gjobes31@washington.edu,aI4)dKuP/%6!dw,4/2/2004
C1860,Honorable,Valma,Walbrun,446043639106,vwalbrun32@guardian.co.uk,jY5@$H{Blu.c,26/1/2003
C1861,Mrs,Therine,Enterlein,444405697327,tenterlein33@google.cn,yV1}r*=r,11/3/2004
C1862,Ms,Selby,Wisdish,447717028742,swisdish34@feedburner.com,jK2+D=Rt_ipauj,10/5/1989
C1863,Mr,Miriam,Bowater,449109640838,mbowater35@wikipedia.org,"oQ6,qmj/j),G0",5/12/1994
C1864,Mrs,Tull,Blampy,449555611654,tblampy36@princeton.edu,qQ3\EdS@EV}g9,22/3/1993
C1865,Honorable,Ryon,Ridder,441055390100,rridder37@google.de,mE6}7koZ4',28/3/2002
C1866,Rev,Silvana,Cherrison,443877290780,scherrison38@oracle.com,zG1(}JOkya,16/3/2002
C1867,Mrs,Booth,MacAughtrie,447842634690,bmacaughtrie39@homestead.com,iS3?zO{.,20/6/2005
C1868,Honorable,Petronille,Gynne,445035058730,pgynne3a@ow.ly,lX5?X&)|2,14/9/1976
C1869,Ms,Garrard,Smallshaw,447952774578,gsmallshaw3b@cloudflare.com,rH1/fiGK}S8qm,26/6/2005
C1870,Dr,Marion,Goldwater,441679053843,mgoldwater3c@networksolutions.com,xH0``@).%3{\Do,28/6/2005
C1871,Honorable,Sherrie,Crilly,448746017486,scrilly3d@google.it,rC7\/fwn|KR_y3f,22/4/2007
C1872,Ms,Julita,Jackman,445818425914,jjackman3e@miibeian.gov.cn,"tS5*ab,Y'~4r",26/3/1990
C1873,Mrs,Nerissa,Ferraretto,443535219046,nferraretto3f@yandex.ru,fP4{?+~P,29/9/2008
C1874,Mr,Tamara,Maymand,445880310187,tmaymand3g@histats.com,rH1*XbXw5hpB.b,12/6/1999
C1875,Honorable,Perceval,Rabbage,442617714514,prabbage3h@artisteer.com,gK6$s?iz!Wh6,28/6/1998
C1876,Honorable,Jeddy,Porcas,448806593212,jporcas3i@wired.com,"kY9&i""Tmp'$j_Y",16/5/1999
C1877,Mrs,Nesta,Slemming,445758594030,nslemming3j@vistaprint.com,dJ7/}e*4,10/4/1977
C1878,Mrs,Iggie,Crosston,447677676717,icrosston3k@blog.com,mE6_tv3GkWo,13/8/1980
C1879,Honorable,Kenon,Priest,443759261439,kpriest3l@tuttocitta.it,aH3'B}S(RH,9/9/2007
C1880,Mr,Kippie,Thorby,441254770885,kthorby3m@kickstarter.com,bE3~y2K=lh%K<O%,3/7/1970
C1881,Rev,Merrick,Demeza,443682589791,mdemeza3n@merriam-webster.com,zC6/i_I!,2/10/1982
C1882,Rev,Jarid,Legrand,445171643295,jlegrand3o@wufoo.com,sW2'wSe0,14/2/1992
C1883,Mrs,Abbot,Conkay,449049422541,aconkay3p@geocities.com,fP7=vo8c,9/8/1970
C1884,Mrs,Inga,Garoghan,442763513127,igaroghan3q@cocolog-nifty.com,wE7|E.a'DzN(a9,7/5/2002
C1885,Dr,Emma,Callaway,446415208624,ecallaway3r@msu.edu,lU6#lHwBmV4>7`@,15/4/1975
C1886,Rev,Rikki,Curedale,442351999268,rcuredale3s@netvibes.com,vW4@gz/7D$gB,6/11/1972
C1887,Mrs,Kippy,Tidswell,448644308647,ktidswell3t@globo.com,"dY9),NlR8vZ",18/5/2001
C1888,Ms,Otto,Bassill,443409193501,obassill3u@icq.com,nC2\iZ`(,29/3/1977
C1889,Honorable,Linn,Bonhome,449426219100,lbonhome3v@free.fr,lZ4*A1UC<i)&%t6,23/8/1975
C1890,Ms,Nancie,Mazella,440862435482,nmazella3w@japanpost.jp,"dO8""4|M)",7/1/1995
C1891,Ms,Ashil,Goodison,442997552998,agoodison3x@ameblo.jp,vD2*6=0rYIx`,9/9/1971
C1892,Mr,Elaina,Deakan,449358810606,edeakan3y@prweb.com,nE5&237(Y2p#V1l9,17/7/2000
C1893,Ms,Constantina,Cathenod,440014395598,ccathenod3z@t-online.de,xK6\v|A(R/w,11/7/2000
C1894,Dr,Humfried,Older,443822375977,holder40@sakura.ne.jp,vY5_~_?#Z9s),9/9/1995
C1895,Mr,Domenic,Wandtke,443477707790,dwandtke41@zdnet.com,vY5_(P1=',28/4/1989
C1896,Rev,Ephraim,Teresse,446438874280,eteresse42@dmoz.org,"mX9${>.l""|",24/11/1981
C1897,Ms,L;urette,Danielsen,445894371176,ldanielsen43@furl.net,eC0/7lxIL@$lVg,28/7/2004
C1898,Ms,Beverley,Shead,447087647683,bshead44@spiegel.de,bZ7+r%l`hoX,22/5/1989
C1899,Rev,Francesca,Dowson,447315443526,fdowson45@sbwire.com,tM2/zuJ</dT,19/9/2004
C1900,Mrs,Fanny,Warmisham,443494208368,fwarmisham46@usatoday.com,kG1_JdFZI,18/6/2004
C1901,Mr,Preston,Carress,444860244737,pcarress47@a8.net,lC6?+>v_p,20/10/1990
C1902,Ms,Opalina,Johantges,441506145955,ojohantges48@blogs.com,jW7!~Dk4xR&,30/11/1988
C1903,Dr,Betti,Kendrew,441895805706,bkendrew49@sbwire.com,aR5%=V+<<Gv/%,14/11/2007
C1904,Dr,Linn,Ablewhite,448280105797,lablewhite4a@hao123.com,gM8(P3#U.OC(P|A,27/9/1997
C1905,Dr,Trixie,Tassaker,440079228306,ttassaker4b@stanford.edu,pF5/nL5n$m,8/2/1981
C1906,Mr,Ripley,Grewes,445634917152,rgrewes4c@berkeley.edu,"eP6""h&B8)oYFT",24/2/1991
C1907,Honorable,Lise,Antonignetti,440632822648,lantonignetti4d@walmart.com,gW7~L?~X#QqI,19/10/1970
C1908,Ms,Marja,Izchaki,447712466550,mizchaki4e@fema.gov,"zJ2,Zc!pU~jIEZ",1/6/1987
C1909,Dr,Meta,O' Concannon,442523517426,moconcannon4f@1und1.de,uE3%|yE)=ngaw,10/12/2001
C1910,Ms,Ingemar,Dicty,441374010011,idicty4g@drupal.org,nD4+wBJv>L,16/3/1990
C1911,Mrs,Chris,Meenan,447183880344,cmeenan4h@nature.com,dU6+7dtc4%+@)\',1/12/1994
C1912,Ms,Corabel,Silliman,449980732554,csilliman4i@linkedin.com,qM9/9iA6q`HI$'F,1/10/1978
C1913,Dr,Frasco,Wotton,446170448521,fwotton4j@answers.com,"eA5""_(4.",18/5/1979
C1914,Mrs,Shirleen,Izkovicz,440564231323,sizkovicz4k@imgur.com,kM1|~jd+,1/12/1989
C1915,Rev,Nicki,Seligson,445084992758,nseligson4l@senate.gov,fQ2(lg/azM,7/8/1974
C1916,Mr,Carly,Hearns,443258505873,chearns4m@icq.com,sV2{R\a*<QJz,20/7/1971
C1917,Dr,Verney,Bertie,442973762226,vbertie4n@livejournal.com,sP4!A<{w00'gI)i,29/1/2005
C1918,Mr,Angelia,Kenryd,442524825023,akenryd4o@springer.com,bX3~I7ZY',4/7/2000
C1919,Mrs,Peterus,Snazle,441715954790,psnazle4p@wikispaces.com,lP6{)L&jx8,18/4/2001
C1920,Dr,Cornelia,Blitzer,442382852854,cblitzer4q@hao123.com,"jA5""@$_Md3Qg",16/11/1973
C1921,Rev,Jacquelyn,Gronaver,441497760168,jgronaver4r@symantec.com,uY0%w7w4>D#BA,19/8/1997
C1922,Honorable,Parsifal,Burdas,447128050703,pburdas4s@constantcontact.com,tN3{LaS>G?W#,11/11/1999
C1923,Mr,Henry,Salliere,447403645725,hsalliere4t@vk.com,"mE2"">x&v5",29/5/1993
C1924,Honorable,Winne,Todman,444207430239,wtodman4u@google.ru,mF8`rwaO77g0SN,11/12/2000
C1925,Dr,Gun,Prettejohns,442043246678,gprettejohns4v@arizona.edu,cK6/b6.+P,4/5/1995
C1926,Honorable,Ali,Semon,447929959400,asemon4w@bigcartel.com,oY0_oUu9dWqn,1/6/2005
C1927,Rev,Idelle,Iacabucci,440864386742,iiacabucci4x@skyrock.com,vF1*I}/0(,24/5/2002
C1928,Rev,Darrelle,Chue,443372989733,dchue4y@vistaprint.com,lJ6{u`0)BUv&e,8/5/2000
C1929,Rev,Carissa,Diess,447732980317,cdiess4z@usa.gov,"uC8>+Q##kQWC"")",22/5/1972
C1930,Rev,David,Merkel,441433348952,dmerkel50@weather.com,mH8!qv+GnRJm+,25/9/1971
C1931,Honorable,Dallon,Berget,445299038398,dberget51@zdnet.com,bC7@nwfxz*Hs,1/1/1979
C1932,Mrs,Way,Sidwell,443194226324,wsidwell52@twitter.com,aU4\0~~0,6/10/1971
C1933,Rev,Octavius,Habin,449594545970,ohabin53@bbb.org,"zS8{Y5#""*I8",13/10/1997
C1934,Mrs,Eberhard,Ranaghan,442632728354,eranaghan54@census.gov,"fO6=,I`kW\ei",4/3/1972
C1935,Honorable,Jodee,Wooff,440653226299,jwooff55@soup.io,pW4$W=t~r,2/11/1975
C1936,Mrs,Giacopo,Crick,442589140772,gcrick56@tinypic.com,gC8|anDu$%QNN?,29/3/1991
C1937,Ms,Zerk,Eckart,442966279449,zeckart57@hugedomains.com,qG5+rvu){p6,6/1/1977
C1938,Dr,Emyle,Walles,442731045824,ewalles58@zimbio.com,zJ2/w3n0pbey`ZPM,17/1/1990
C1939,Ms,Araldo,Mahy,445141505757,amahy59@businesswire.com,oY0%7_.P,17/12/1989
C1940,Mrs,Bealle,Stovell,443136826423,bstovell5a@slashdot.org,mT4~DrAiDpt,1/6/1973
C1941,Rev,Kimbra,Merill,441448018469,kmerill5b@google.com.au,yL9$ZMAZ9HMK,9/9/1975
C1942,Honorable,Galvin,Denney,440125484052,gdenney5c@is.gd,"nG0""{t7e",15/1/2006
C1943,Rev,Alicia,McCreagh,444002225884,amccreagh5d@businesswire.com,qR1#X'A|X2n\,13/4/2000
C1944,Honorable,Rustin,Simoni,443176330741,rsimoni5e@ftc.gov,jI3`Dw7l8aS,19/12/1991
C1945,Honorable,Garrik,Daglish,447149973442,gdaglish5f@buzzfeed.com,lG1\`$L|Q,31/1/1987
C1946,Dr,Verena,Dunnan,449387779116,vdunnan5g@ameblo.jp,aB3(Dlr6ca{I,14/1/1974
C1947,Ms,Clerkclaude,Hassard,445319886100,chassard5h@vimeo.com,"bI2<Kg,RTp_",21/11/1988
C1948,Honorable,Herbie,Rickett,443935987768,hrickett5i@cisco.com,"lP4@CGQe%,_G",7/8/1996
C1949,Honorable,Jason,Rosenboim,449716873654,jrosenboim5j@free.fr,eO1>V\3__vBS,22/4/1997
C1950,Dr,Ellyn,MacArte,444234170366,emacarte5k@networksolutions.com,qC3{>a=v(4jAP,25/1/2005
C1951,Mrs,Tedmund,Sewart,440893478896,tsewart5l@barnesandnoble.com,eH8&8(JBi,14/1/1992
C1952,Mr,Allan,Barukh,442901445567,abarukh5m@de.vu,iP9$<}qB`Usc/A0_,5/11/1991
C1953,Honorable,Janina,Emmitt,447991399386,jemmitt5n@prlog.org,lJ3($vk5,24/8/1983
C1954,Mr,Demetrius,Siddle,443684357546,dsiddle5o@devhub.com,oP0_zpXCoW>zc,11/11/1980
C1955,Mr,Carlota,Eland,449721596447,celand5p@stanford.edu,"wH0+./""K",27/10/1972
C1956,Dr,Yul,Arendsen,441521687746,yarendsen5q@independent.co.uk,"uQ2/,N}DlkK4f%l",27/4/1993
C1957,Mrs,Zane,Chaffen,442855082836,zchaffen5r@cbsnews.com,"iG7!N9,se{g",15/12/1994
C1958,Honorable,Arte,Telfer,444640750315,atelfer5s@github.com,tU5{.Ub$s,22/9/1971
C1959,Honorable,Edgar,Loraine,445640336261,eloraine5t@addthis.com,nN6)5puK1%\,25/11/1989
C1960,Rev,Vaughan,Garritley,444620801902,vgarritley5u@jalbum.net,"wR1{J+""ooauX",25/1/1988
C1961,Mrs,Bartel,Fouldes,442035074700,bfouldes5v@meetup.com,"hI5~x,k!VEvN@i",12/6/1974
C1962,Mr,Catharine,Delves,441012587109,cdelves5w@angelfire.com,wZ8!z3sb?$v,31/8/1995
C1963,Rev,Gena,Stannis,444422790493,gstannis5x@mashable.com,oF9.G|Y3=z$C10,24/9/2000
C1964,Mrs,Ase,Matczak,449535688923,amatczak5y@friendfeed.com,rQ7~KGN\pQx@q,10/5/1977
C1965,Rev,Gib,Lombardo,448565809988,glombardo5z@technorati.com,uM9&BVk_D9DXHR',23/2/1979
C1966,Mrs,Vicki,MacGebenay,449768341111,vmacgebenay60@nih.gov,"uP4/o,KZ",30/1/1970
C1967,Mr,Mattie,Bowdidge,443251586292,mbowdidge61@mediafire.com,dZ4#EA>2N).H/%,11/2/1979
C1968,Ms,Dominique,Huckfield,442782905359,dhuckfield62@plala.or.jp,cO0|ua$>X=_!{kNx,26/9/1970
C1969,Dr,Gwendolyn,McDugal,449911184179,gmcdugal63@usda.gov,uD8+Kjq7rM,29/11/2000
C1970,Mrs,Karena,Pitkaithly,447821022028,kpitkaithly64@cargocollective.com,lJ4&.z$?,31/10/1995
C1971,Dr,Burl,Scandrite,440831601714,bscandrite65@discovery.com,yI2%JYFL,19/12/1972
C1972,Ms,Constantia,Measom,443658241454,cmeasom66@wufoo.com,wJ7'>U!)wpP,2/10/1994
C1973,Honorable,Idell,Ledram,446375769403,iledram67@ocn.ne.jp,"hV7,+#5.",4/9/1990
C1974,Rev,Barret,Matschuk,441539142063,bmatschuk68@dyndns.org,eJ2`u`)?`)B7,31/5/1985
C1975,Mr,Maxy,Bartlosz,449499739432,mbartlosz69@wikia.com,dE2*=1o\'qu,4/12/2007
C1976,Rev,Verge,Ephgrave,447192590060,vephgrave6a@foxnews.com,"hE2.i""j8",16/1/2001
C1977,Mr,Nicholle,Joannet,448337804162,njoannet6b@lycos.com,"vY1%X5,D",24/10/1985
C1978,Rev,Ad,Soaper,449628369712,asoaper6c@google.nl,pX8{.{'gK,21/6/1985
C1979,Dr,Berti,Biggins,444566896611,bbiggins6d@g.co,"cJ1~cF,n",13/12/1996
C1980,Honorable,Fred,Jacobsohn,440678097711,fjacobsohn6e@nationalgeographic.com,"xX0/XWcO1oZ""*",19/11/1988
C1981,Mrs,Clarisse,Pillinger,442805055995,cpillinger6f@house.gov,hP6'%(Am4gmWB,30/5/1972
C1982,Mr,Enrika,Lippett,448314183693,elippett6g@microsoft.com,aL9(G7sO>bCKHS'{,25/3/1987
C1983,Rev,Christine,Hamill,444487413614,chamill6h@angelfire.com,"hQ2/.W~q?,KAK$",18/7/1984
C1984,Mr,Dorree,Richards,447905181747,drichards6i@msn.com,cM4!LE3>i\j3vb$,27/8/1988
C1985,Mr,Eloisa,Hanfrey,446606258518,ehanfrey6j@typepad.com,jD5|<k9%,4/10/2002
C1986,Dr,Ellette,Perrone,441933950889,eperrone6k@weibo.com,"oZ2_4WD,~|sTr",22/2/1990
C1987,Dr,Emera,MacQuist,443265406795,emacquist6l@gizmodo.com,wZ4).r~P,19/1/1976
C1988,Dr,Milly,Smeeton,442727074714,msmeeton6m@yelp.com,bR1>iZ6kW?*Ny,5/5/1995
C1989,Ms,Lorri,Whitear,447163639610,lwhitear6n@thetimes.co.uk,eP0<LT#8jg4,9/6/1976
C1990,Honorable,Ethyl,Doyle,445326004411,edoyle6o@facebook.com,"pB2>}n+,|",26/10/1982
C1991,Mr,Gustave,Breukelman,442633888567,gbreukelman6p@webnode.com,yW5$g%}|\DP,26/10/1991
C1992,Mrs,Isaiah,Durman,444218016627,idurman6q@msu.edu,qQ4&&Ciy,3/4/1972
C1993,Mrs,Rowena,Bartoshevich,446028889998,rbartoshevich6r@multiply.com,kA5)A*~>'IC,25/4/1978
C1994,Ms,Walt,Billes,443276183670,wbilles6s@about.com,eH0&9*srXk$8=g,4/3/1985
C1995,Mrs,Isidor,Terry,441225400082,iterry6t@joomla.org,"fD7""9vcO$6",8/8/1971
C1996,Dr,Errick,Kahan,444782635577,ekahan6u@vkontakte.ru,bT8\svR5ue,1/1/1977
C1997,Honorable,Arman,Grimston,443963522974,agrimston6v@wikipedia.org,"sZ6>#lQm8H&7,@{",15/4/1973
C1998,Ms,Harold,Crosland,447565752763,hcrosland6w@patch.com,rZ5/($hfG*~,19/12/2006
C1999,Mr,Eli,Almack,446370527720,ealmack6x@mapquest.com,xE5>m+(Bpa}P,3/12/1983
C2000,Dr,Griffith,Malone,445618453799,gmalone6y@oaic.gov.au,lL0%OdzS,5/6/1991
C2001,Ms,Zane,Chern,446109422820,zchern6z@instagram.com,oK0&S!H8}}7NN,29/1/1984
C2002,Dr,Nicko,O'Gormley,446158475548,nogormley70@t.co,aE0&F.\!QRkNUS,10/5/1974
C2003,Rev,Jandy,Keasley,445346489483,jkeasley71@woothemes.com,cN8\M&sq,20/11/1989
C2004,Mr,Gerry,Fallows,445898448015,gfallows72@hugedomains.com,cQ0$Hs=m<,11/3/1984
C2005,Dr,Packston,Waddoups,442035503124,pwaddoups73@latimes.com,fN4%HXZ*)}Ox,22/12/1983
C2006,Mr,Obidiah,Motion,446191552185,omotion74@weebly.com,"nZ2/$@,xYO",25/4/1991
C2007,Honorable,Jillian,Hawtry,442631434590,jhawtry75@nytimes.com,bU7('PW+(Yn3,24/3/1982
C2008,Honorable,Dell,Markovich,449838578260,dmarkovich76@reuters.com,oN0(SC{$p`RB9xc,1/8/1978
C2009,Dr,Eugenius,Fortune,444542792956,efortune77@netscape.com,"xG6(LWZaegE,\}tp",20/6/1997
C2010,Dr,Adelaide,Downham,444838528568,adownham78@jugem.jp,"rU8,Oy}Ds{6T~R|?",25/4/2006
C2011,Mrs,Berti,Ledgley,442701577619,bledgley79@cafepress.com,nG4%zXsbwzc.,26/4/1974
C2012,Rev,Ashley,Desseine,440680742465,adesseine7a@purevolume.com,sA2)+h6WwA,8/4/1984
C2013,Mrs,Hollie,Pammenter,442237873546,hpammenter7b@cocolog-nifty.com,hX9`WnNGW&~m,22/7/1985
C2014,Rev,Alfy,Godsell,441263004329,agodsell7c@devhub.com,uF1)cg11,27/8/1994
C2015,Ms,Velma,Ennals,446765886909,vennals7d@g.co,pH7+~QXI.4qSGeaB,1/2/1975
C2016,Honorable,Kata,Starsmore,449350664162,kstarsmore7e@istockphoto.com,"pF9""mPLHw{rq",14/1/2008
C2017,Dr,Carver,Ellwood,442194453141,cellwood7f@dyndns.org,"qO7,@TDs6",6/9/1981
C2018,Rev,Jemmie,Lucks,442583386703,jlucks7g@hud.gov,"pH4""Np#eV}}}=ec",18/5/2002
C2019,Rev,Trudie,Farnish,446629784239,tfarnish7h@mashable.com,eW9=CC'4v#,11/11/1992
C2020,Ms,Maureen,Cymper,442114041807,mcymper7i@rakuten.co.jp,fZ8<z+*P2,26/4/1976
C2021,Ms,Norbert,Frankling,448330643211,nfrankling7j@apple.com,jB2~oKsB9~,6/11/1975
C2022,Honorable,Humfrey,Allwright,446251423086,hallwright7k@wiley.com,vT0+RkOg{UZ`dLM,27/12/2000
C2023,Mr,Alexander,Hoxey,440416547642,ahoxey7l@flickr.com,kR1@`>'CxY<J>,19/9/1990
C2024,Mr,Leelah,Elwood,442854240507,lelwood7m@oaic.gov.au,tD8(kGtXp$pB3Y}T,26/2/2007
C2025,Ms,Lancelot,Roggieri,449087085551,lroggieri7n@xinhuanet.com,oH6%jcZF$`,23/4/1994
C2026,Rev,Juliet,Gahan,448267291671,jgahan7o@earthlink.net,sB9\13y{SZU\Q6,15/2/1976
C2027,Rev,Michaella,Quinton,449934669848,mquinton7p@facebook.com,qO1+g.+`pv_,17/7/2001
C2028,Rev,Elie,Bragge,444351181471,ebragge7q@dropbox.com,"eU9""f+pV11gy",31/8/1976
C2029,Rev,Dar,Filer,445794355846,dfiler7r@bigcartel.com,lU9}|ypG`,29/12/1998
C2030,Mr,Lyndsey,Heilds,448553672002,lheilds7s@rambler.ru,fX2(up/>Jzcv~,20/9/1990
C2031,Dr,Marigold,Shenfish,442414501943,mshenfish7t@ted.com,zG4~{hY',31/5/2007
C2032,Honorable,Quinn,Chipman,440620295125,qchipman7u@canalblog.com,gU0/FCpbFJ}#,31/8/1974
C2033,Mrs,Glen,Laister,447045386916,glaister7v@sohu.com,"wZ8&,/>ZffbV_uZ",4/4/2006
C2034,Honorable,Celestyn,Gibby,443408722722,cgibby7w@networkadvertising.org,nC2(a84IbemCn,21/3/2000
C2035,Rev,Piggy,McGinnell,442014500242,pmcginnell7x@europa.eu,zA0#qy0UNBb,20/2/1997
C2036,Mrs,Orlando,Stilgo,446983867082,ostilgo7y@unc.edu,jC1'jdouB3.Jpqp%,30/3/1984
C2037,Dr,Lanita,Sebrens,443317261869,lsebrens7z@loc.gov,sH4+~Hj)eB7`b\y7,8/4/1975
C2038,Honorable,Cristiano,Waadenburg,444684736066,cwaadenburg80@topsy.com,kQ4%\u\>%CjfYS3,3/6/2002
C2039,Dr,Jerrine,Craddy,443019487093,jcraddy81@spiegel.de,sN7.KX*uA0K+3)|,27/8/1976
C2040,Ms,Anastasia,Rollings,449658253514,arollings82@mapy.cz,"eM5{AMq""%Z",26/4/1984
C2041,Honorable,Abbey,Marsham,443425266171,amarsham83@symantec.com,uN2)yO8G7RoOe247,23/7/1972
C2042,Rev,Krishnah,Shalliker,444437471399,kshalliker84@photobucket.com,oE3({E$5P\S,24/2/2003
C2043,Rev,Nessy,Bleddon,445657557284,nbleddon85@aboutads.info,uF4$`dg*~RJl,15/2/2005
C2044,Mrs,Zonnya,Frapwell,448786293097,zfrapwell86@ycombinator.com,"kK9'vAy6R\sB>""",13/7/1999
C2045,Mr,Rose,Daggett,446837939540,rdaggett87@home.pl,bR8{&En8\LHVfT,4/11/1985
C2046,Mr,Kelila,Filipczynski,445242294340,kfilipczynski88@bravesites.com,"nL6$$,73NnX%XEWJ",5/6/1975
C2047,Mr,Tabina,Southan,441318049810,tsouthan89@mayoclinic.com,dL4!oNT7>,21/5/1980
C2048,Mr,Roobbie,Snelling,445967648373,rsnelling8a@fotki.com,rX6?X8|L/V1ZR,25/7/1998
C2049,Dr,Delmor,Gallacher,447188802153,dgallacher8b@samsung.com,uN7\LUGVzwh,7/5/1993
C2050,Dr,Ford,Schollick,443544797887,fschollick8c@123-reg.co.uk,pN9$OaGd~9a60,26/1/1996
C2051,Honorable,Farrand,Ashtonhurst,444084134735,fashtonhurst8d@tripadvisor.com,yT1%t*Q#wGU,2/6/1982
C2052,Mrs,Shanon,Bendson,445961914252,sbendson8e@etsy.com,jY7|r=JFT{$XU,2/1/1980
C2053,Dr,Martelle,Hounihan,447581219873,mhounihan8f@vimeo.com,oX9+i36.v,8/1/1981
C2054,Honorable,Arney,MacElane,448363826702,amacelane8g@clickbank.net,gZ5`9YgsK,29/9/2001
C2055,Rev,Kissie,Dewdney,446384724081,kdewdney8h@epa.gov,qU6.J~K}f,27/11/1979
C2056,Ms,Jena,Woolard,445865557733,jwoolard8i@smh.com.au,qD2<RE8P,4/7/1970
C2057,Ms,Stormi,Brackley,442808238564,sbrackley8j@bloomberg.com,oO5#J9lx+,8/2/2007
C2058,Dr,Jefferey,Jefferies,440526539717,jjefferies8k@livejournal.com,qJ3.\L<N1,3/5/1987
C2059,Ms,Carlene,Rubinovitch,444038931901,crubinovitch8l@google.de,eM3|w<RPpVKq.*,15/2/1979
C2060,Honorable,Meghann,Malec,441506741478,mmalec8m@odnoklassniki.ru,fV6_2?vu+Y`,19/6/2004
C2061,Ms,Hersh,McAllister,445435963452,hmcallister8n@time.com,wQ4|RQt0qLHT,7/3/1983
C2062,Honorable,Sharline,Sconce,445781941974,ssconce8o@epa.gov,iE6?W+R\{3'%msz,6/8/1979
C2063,Dr,Meaghan,Aleksandrikin,443168900952,maleksandrikin8p@tamu.edu,kI3!n8y9,23/2/1976
C2064,Rev,Filippa,Minifie,443179699559,fminifie8q@amazon.co.uk,"tH5.V7E""p+/8",29/12/2000
C2065,Ms,Joey,Dolligon,447742210726,jdolligon8r@google.pl,"oH2,dwo$EW}r3EI.",6/9/2006
C2066,Dr,Dorree,Guage,445824195613,dguage8s@canalblog.com,kF5.\2j59b,16/10/1996
C2067,Mr,Jaymie,Dominik,442769879270,jdominik8t@apache.org,"fL5""Wh44Veh1",5/6/1999
C2068,Honorable,Dorene,Sodo,443633381560,dsodo8u@fastcompany.com,gU6_ZSVV_20Z}(Q,23/7/2000
C2069,Mr,Zoe,Snoxall,440135602610,zsnoxall8v@census.gov,cY9!t=(V,4/7/2002
C2070,Rev,Robers,Geroldi,442581285852,rgeroldi8w@example.com,pG2*iKIs,23/3/1999
C2071,Ms,Hube,Smalcombe,448347453538,hsmalcombe8x@goo.ne.jp,oS8(SN`y(2{zgL,2/12/1998
C2072,Mr,Eleonore,Seebert,444384085304,eseebert8y@csmonitor.com,uM1!%'|A85dq,4/12/1976
C2073,Honorable,Camila,Betton,440660083492,cbetton8z@illinois.edu,bL7\i#JG.rm,2/12/1998
C2074,Dr,Shauna,Slad,448482803036,sslad90@spiegel.de,aM2}'.m@P#t3<,10/9/1975
C2075,Rev,Evan,Hevner,440300337570,ehevner91@arstechnica.com,kZ8\.H$ZId,30/3/1998
C2076,Mrs,Sidney,Cocklie,443833320009,scocklie92@devhub.com,jX2\!JfmD?J,16/3/1993
C2077,Dr,Gustie,Gogarty,441796358809,ggogarty93@cmu.edu,aC0!@lr#q~xGh,8/8/2007
C2078,Ms,Peta,Prodrick,443569166213,pprodrick94@51.la,mR8'WKEfr/fE,29/3/1982
C2079,Honorable,Kimmy,Barthropp,440252627275,kbarthropp95@marketwatch.com,eS7>N{Fa3P7,21/1/1996
C2080,Honorable,Boycey,Pedroni,444417009557,bpedroni96@acquirethisname.com,kT4\XVn%K3Rg,6/2/1986
C2081,Honorable,Templeton,Wilse,444346461129,twilse97@youku.com,"zF0.w,)1*likae<",2/5/1994
C2082,Mr,Rurik,McEvon,444635484641,rmcevon98@sakura.ne.jp,gK8/Qd~MH&!PVs)i,18/5/2002
C2083,Honorable,Marjorie,Naile,440254415438,mnaile99@mozilla.com,tH9+k`hq,2/10/1970
C2084,Ms,Karna,Allain,449719263411,kallain9a@mysql.com,mM4!nN2LD0wIyt,14/11/1975
C2085,Mr,Kira,O'Haire,441802620134,kohaire9b@wordpress.org,"qZ2=|t,o",9/11/2001
C2086,Dr,Emmery,Kapiloff,444565960376,ekapiloff9c@blogtalkradio.com,pU7#ne6?~U)Yc(bh,24/6/1985
C2087,Ms,Elysia,Davidai,442698141232,edavidai9d@unblog.fr,sJ1#\Tu?,3/7/1997
C2088,Mr,Shawnee,Bennough,445411375385,sbennough9e@com.com,dY2!a(wp2{0B*&`,11/6/2007
C2089,Ms,Karilynn,Embury,445390159116,kembury9f@arizona.edu,dJ3$)xzL\qf>_ZEH,8/1/1970
C2090,Mr,Britt,Maciejewski,441460155910,bmaciejewski9g@stumbleupon.com,"jF0,<.AN/",12/12/2001
C2091,Mr,Cherye,McCaw,440250433867,cmccaw9h@unc.edu,kO5(D?$`#,1/12/1979
C2092,Rev,Marge,Shewen,441791835730,mshewen9i@4shared.com,qC1|>80@uL~,18/5/1990
C2093,Honorable,Wallas,Fitzpatrick,446734306150,wfitzpatrick9j@ifeng.com,oM2%43<<&3'/G,2/2/1980
C2094,Ms,Sasha,Standbrook,440497499392,sstandbrook9k@tuttocitta.it,uM7|6>#2~jT2g,3/5/2004
C2095,Honorable,Bent,Udall,440511869395,budall9l@cam.ac.uk,nT9%icB34G}c8MU,25/3/1994
C2096,Mr,Jacquelin,Leward,448016891899,jleward9m@ycombinator.com,"mY1""/vHe%$cq",29/1/2004
C2097,Dr,Fredia,McAlister,447046396935,fmcalister9n@europa.eu,iX8/je>q2lOa/u,19/6/1984
C2098,Mr,Granthem,Kimbly,442650238616,gkimbly9o@addthis.com,dK9~eY51'O),24/1/1990
C2099,Mr,Nico,Cadden,443813072417,ncadden9p@scientificamerican.com,"vG4!""W2332_8",25/2/2001
C2100,Ms,Nap,Curee,449932682936,ncuree9q@ftc.gov,qK0&TZ|M`W69k~q,16/5/1994
C2101,Mr,Karlens,Huffey,442048565399,khuffey9r@surveymonkey.com,aW0|90HCedXu+,28/9/1978
C2102,Ms,Jervis,Effemy,445066034252,jeffemy9s@moonfruit.com,lC6*Gbq%Au,25/11/2000
C2103,Ms,Wald,Simonini,441518369819,wsimonini9t@sitemeter.com,vL4\@SYU84N@UB,2/5/1982
C2104,Mrs,Siobhan,Josefowicz,446767752678,sjosefowicz9u@ebay.co.uk,sC4\O5YRXN,13/11/1970
C2105,Mr,Bradly,Dengate,441152958348,bdengate9v@cbslocal.com,"gC5,C$""AGWP",1/9/2001
C2106,Mrs,Benedetto,Ayling,448636476824,bayling9w@huffingtonpost.com,qM0>S5MZa|jd11/d,18/8/1979
C2107,Mrs,Pete,Rowberry,443928225272,prowberry9x@live.com,xY8>zt8BlYH$',8/8/2001
C2108,Mrs,Claus,Bloxland,442237780197,cbloxland9y@surveymonkey.com,vY6=?JuVJbyf.Kz,6/9/2007
C2109,Rev,Ailene,Glyssanne,441648608460,aglyssanne9z@instagram.com,pD9'=D2Zm{s<M1N0,3/9/1974
C2110,Dr,Bettine,Lowndes,441609791399,blowndesa0@mozilla.com,"eA5'}%.A""O@F7",2/9/1999
C2111,Dr,Garnette,Linklet,445246846879,glinkleta1@nytimes.com,uL9_avb~@D@9=j,1/1/1992
C2112,Ms,Warren,McKinna,444841427053,wmckinnaa2@utexas.edu,"tF4|`_uz@i`q2(""7",23/4/1975
C2113,Dr,Ruthy,Climar,444619289887,rclimara3@trellian.com,oN4<8i_RK>'&,7/10/1997
C2114,Mr,Nettle,Courtois,442238241471,ncourtoisa4@cbslocal.com,bW6}IqP_y,22/7/1998
C2115,Honorable,Osmund,Ort,449489978265,oorta5@wp.com,iS2_a92@SP,27/6/2000
C2116,Ms,Jodi,Tungay,448328361306,jtungaya6@soundcloud.com,yO0~Y7fZ,13/12/2000
C2117,Mr,Chrysler,Crosoer,445185215282,ccrosoera7@redcross.org,eH8{T0G>W?6.,31/12/1972
C2118,Ms,Shepherd,Synan,447645911895,ssynana8@list-manage.com,aE0.)vBI4Ku,26/3/1984
C2119,Mr,Elisabetta,Hatz,441032059738,ehatza9@ask.com,iD5@OQ}iv8K~G*,20/1/1995
C2120,Honorable,Theresita,Stang-Gjertsen,441916418113,tstanggjertsenaa@google.fr,"hW7@""5HoHG#*2>>#",26/1/2004
C2121,Mr,Marlo,Ivetts,442701991247,mivettsab@craigslist.org,pY7{@k}+,18/5/1988
C2122,Mr,Carver,Beade,449774308928,cbeadeac@livejournal.com,"aU0,n/Q`J",23/3/1978
C2123,Ms,Jose,Mahmood,444925835603,jmahmoodad@guardian.co.uk,eE5~gn6)V,21/6/2002
C2124,Dr,Leese,Dennington,443112089648,ldenningtonae@ning.com,jN1=CNwZv,27/6/1978
C2125,Mr,Cher,Mac,440835340849,cmacaf@tuttocitta.it,"fM6<3fW4/""7#!S",21/1/1995
C2126,Dr,Lorilee,McGibbon,448193699168,lmcgibbonag@unblog.fr,hM6#Qmq?Gnw+G,3/12/2005
C2127,Mr,Tamarra,Kubis,441474334386,tkubisah@geocities.com,"fK4`Xk""e&%w`",13/7/2006
C2128,Mr,Sarina,Nelles,441709870978,snellesai@purevolume.com,jC1*e{UR#B#@,10/7/1983
C2129,Dr,Avery,Kepling,443151435181,akeplingaj@hp.com,yK8>4KqU+9zl,4/6/1982
C2130,Mr,Kristina,Bunker,447834843521,kbunkerak@seattletimes.com,pD8@60T$q.g/C,4/2/2001
C2131,Rev,Nancee,Twist,442974378374,ntwistal@friendfeed.com,"fI9!f""_!3?gqGF",31/8/1971
C2132,Honorable,Dionne,Amner,447225209044,damneram@networksolutions.com,qI8!J|L.om6i,26/1/1973
C2133,Dr,Arron,Tipling,442436067745,atiplingan@slashdot.org,gD7'7NM7k\2@,30/3/1990
C2134,Honorable,Cyrillus,Soppit,445827357581,csoppitao@tinyurl.com,"zA8>G>\,71FgLpg",14/12/1979
C2135,Ms,Aguie,Pomfret,444298850967,apomfretap@github.io,gF7@j@7M,15/7/1986
C2136,Mr,Marlee,Hunt,446883500895,mhuntaq@netlog.com,dA3$N>z''~+d`K$,19/5/2003
C2137,Dr,Manolo,Green,447910781574,mgreenar@hugedomains.com,vI8<hm+PMwka/,28/1/2008
C2138,Mr,Tam,Kynder,444733616565,tkynderas@shop-pro.jp,dT8.MZD.MpfdQ=,28/4/2001
C2139,Ms,Cory,Demelt,446413070214,cdemeltat@va.gov,mQ6$+!CJXCd4p$},14/12/2005
C2140,Mr,Karyn,Ludewig,441313142606,kludewigau@linkedin.com,yI4/o*(GA,1/5/2004
C2141,Dr,Audrie,Fero,441625272154,aferoav@paypal.com,iV5\YM3eS,9/7/1991
C2142,Rev,Onofredo,Francescoccio,441669228839,ofrancescoccioaw@mtv.com,nW4*zs*R)%nvq'..,24/12/2003
C2143,Honorable,Timi,Brownsworth,446749293999,tbrownsworthax@tripadvisor.com,rD0`gShB,25/4/1985
C2144,Honorable,Harri,Fitzmaurice,445068364836,hfitzmauriceay@yelp.com,rE6\Xvo`6|,15/8/2006
C2145,Rev,Brody,Causnett,441846029243,bcausnettaz@odnoklassniki.ru,sM0|GC=vnThCW6qw,24/2/1992
C2146,Mrs,Marian,Tenniswood,449930651104,mtenniswoodb0@ask.com,mG7&ZnD1Qzh'#,25/10/2006
C2147,Mr,Lacie,Wyndham,442839629290,lwyndhamb1@shinystat.com,vF7|trAn#DX/>F,22/9/1971
C2148,Ms,Konstantine,Lys,443342475394,klysb2@taobao.com,eB4?3A{UDeTu5f_,11/5/1997
C2149,Mr,Bernarr,Sykes,448904194182,bsykesb3@nbcnews.com,"oN1>j,/""+",23/5/1995
C2150,Mrs,Cassy,Doumenc,442547545089,cdoumencb4@google.com.hk,eC1_`mSrohbH`FR,1/12/1990
C2151,Mr,Glory,Aires,441407045492,gairesb5@mlb.com,xT1@D7Ga(_E!3#&w,19/12/1974
C2152,Rev,Shurwood,Grealy,442426765583,sgrealyb6@toplist.cz,"gL8?zP,!v",30/4/1984
C2153,Honorable,Thibaud,Penylton,447620709593,tpenyltonb7@va.gov,yP3~v@udwL,16/6/1996
C2154,Mr,Kathleen,Fluin,442741940982,kfluinb8@sakura.ne.jp,wG7@2nHgL}U,5/5/2004
C2155,Dr,Lanita,Gostyke,440718866918,lgostykeb9@de.vu,qK3~.@o$P9NLS,26/3/2004
C2156,Ms,Olivia,Brabyn,442414812662,obrabynba@github.io,tN0.wMxBL||EvDv,8/6/1970
C2157,Dr,Morten,Douce,449402628925,mdoucebb@geocities.jp,wN3\IZSN7s83m,22/8/1988
C2158,Rev,Griffy,Sprosson,448727826662,gsprossonbc@microsoft.com,zA1@bT@GyP5SKEf,9/9/2008
C2159,Ms,Boycey,Emmitt,440719853474,bemmittbd@wikipedia.org,"cM4+7d$/pUsCc',",1/3/1984
C2160,Rev,Ewart,Prattington,444197829198,eprattingtonbe@cpanel.net,fE7.u1d{GwM\?,13/6/1980
C2161,Rev,Emlyn,Bough,446065048038,eboughbf@fastcompany.com,"tN5""}<46",6/5/1985
C2162,Mr,Zachary,Ewbanck,441959466464,zewbanckbg@xing.com,cL3?3l9<&_4bk,14/5/1991
C2163,Mrs,Bernard,Giffaut,444890081576,bgiffautbh@free.fr,rT4.ki6o8,5/6/1973
C2164,Honorable,Natalee,Readwin,445971674578,nreadwinbi@prweb.com,gE4?'5xEOy(ULX,12/2/1985
C2165,Mrs,Hedy,Worviell,448551934843,hworviellbj@nymag.com,gR7=<#'~}),1/5/1984
C2166,Dr,Bryana,Cheine,447382244322,bcheinebk@army.mil,fJ3)hcsyfq_f,29/4/1979
C2167,Dr,Dedra,Fischer,447330938287,dfischerbl@sourceforge.net,rQ1!POhc#M(,3/10/1988
C2168,Ms,Jeno,Bugdell,446363413153,jbugdellbm@yahoo.com,oB5+r}{KGW`4.L,2/7/2002
C2169,Rev,Gertrud,Sirmon,445969872384,gsirmonbn@ehow.com,qO9?AA_L,4/6/1979
C2170,Rev,Shannan,Currum,449393546099,scurrumbo@ow.ly,gN1_ysMltNi',16/1/1999
C2171,Rev,Wynn,Hulance,447451379259,whulancebp@deliciousdays.com,dV3(4E}gPO_W7*wH,8/5/2007
C2172,Ms,Hephzibah,Houliston,449770666627,hhoulistonbq@amazon.co.uk,fE0|VDrMvct_C(,28/6/1998
C2173,Dr,Carly,Huxter,444784055740,chuxterbr@toplist.cz,"nG0|,+w0eIw",18/4/2000
C2174,Mrs,Benetta,Gilhooly,442962545985,bgilhoolybs@dion.ne.jp,rA2{m~bz|F,17/5/1982
C2175,Dr,Victor,Douse,445855644848,vdousebt@state.tx.us,lC8!/HWXTBr~y\wv,9/1/2002
C2176,Dr,Chandler,Wessel,449763003790,cwesselbu@epa.gov,zT8*dXy@\<j,31/10/1997
C2177,Dr,Mariele,Boick,440602102926,mboickbv@huffingtonpost.com,nZ4|z'tcbWtybumW,19/12/1980
C2178,Mr,Stella,Gathercoal,441590982972,sgathercoalbw@netvibes.com,"pG4*pNDj,1XVUQ",14/12/1984
C2179,Dr,Malinde,Huffadine,441411283313,mhuffadinebx@wisc.edu,xE2}OsP~,18/4/1982
C2180,Dr,Shannon,Cron,448057262328,scronby@omniture.com,"dL0/V=""A",20/8/1986
C2181,Ms,Stace,Davidge,442640996709,sdavidgebz@thetimes.co.uk,lV4*/IO`H,30/5/2004
C2182,Honorable,Fanechka,Catanheira,442621343895,fcatanheirac0@etsy.com,"oX2|nAp0&>C,jv8?",30/4/1995
C2183,Dr,Kristin,Macellar,440010871604,kmacellarc1@rediff.com,gX3!%7p4#5m`5X,19/6/1985
C2184,Dr,Lloyd,Cleare,445255910618,lclearec2@ca.gov,"bX4>8)he/"",",20/1/1984
C2185,Dr,Rochella,Tomasik,440142024241,rtomasikc3@google.fr,jT1/xhelYLe1,13/9/1980
C2186,Rev,Zola,Fenton,440140911812,zfentonc4@wp.com,dG3@(&L)mrgYl$ll,28/9/1995
C2187,Mrs,Chucho,Pendlenton,447834606725,cpendlentonc5@about.me,aZ8{y*3iepG,4/10/1989
C2188,Ms,Crin,Duiged,446169403264,cduigedc6@google.ru,sE9_B{8R0,15/4/1992
C2189,Mrs,Shamus,Jellyman,444273323000,sjellymanc7@fda.gov,qO4!GFx|5()((,19/11/1988
C2190,Ms,Shell,Story,447152232947,sstoryc8@mit.edu,hU7~dNpN0!,19/5/1988
C2191,Mrs,Melvyn,Willmott,441691051233,mwillmottc9@independent.co.uk,wM8?z#Klx,14/5/1989
C2192,Dr,Jessie,Bonwick,448784426495,jbonwickca@imgur.com,iO8`lhYm\zB(SoF,13/6/1999
C2193,Dr,Wes,Simononsky,447599053376,wsimononskycb@edublogs.org,"oA3+y""}109vke~!",8/3/1979
C2194,Dr,Humbert,Hamber,445087930648,hhambercc@uol.com.br,bE9\/2#9YX4Z,26/12/2000
C2195,Honorable,Marcille,D'Arrigo,445170031197,mdarrigocd@boston.com,hM1(S1>LYgXp,4/1/1980
C2196,Honorable,Wolfie,Wetton,448814589239,wwettonce@prweb.com,bR5!LNe|,9/2/1984
C2197,Ms,Sheba,Shires,446829835055,sshirescf@nhs.uk,eQ0`{V@DAT,9/10/1980
C2198,Dr,Margarita,Standfield,442024182278,mstandfieldcg@yolasite.com,bA8.0\>{2%},13/5/2005
C2199,Ms,Dori,Ferneyhough,444350932995,dferneyhoughch@shinystat.com,"eD1*7\!x""N",5/4/1976
C2200,Ms,Brody,Pearne,444530616302,bpearneci@studiopress.com,"qS0!mp?,Fx",8/3/2004
C2201,Ms,Jase,Jeandot,442121598711,jjeandotcj@nyu.edu,rP8<bmm63m(xAJX@,15/12/1985
C2202,Mrs,Tremaine,Fairlaw,449417941055,tfairlawck@flavors.me,"hQ7%,8_`2LkFe",1/2/1976
C2203,Ms,Jessey,Dyhouse,443617087725,jdyhousecl@issuu.com,"eI9,47{q}c",24/12/1992
C2204,Mr,Ronald,Gasson,448033392057,rgassoncm@disqus.com,mL9'3>_5bGTG,24/8/1996
C2205,Ms,Jaquenetta,Whitehorn,442634329989,jwhitehorncn@bizjournals.com,bF6)A`<MdN/x$_c,31/12/1985
C2206,Ms,Amie,Edney,446835518534,aedneyco@feedburner.com,pC2=pLcD!hN,13/4/1988
C2207,Dr,Lilly,Chandlar,441101079857,lchandlarcp@360.cn,uN6(yqW=+DoLq,11/6/2003
C2208,Rev,Jonah,Peto,445081996469,jpetocq@state.gov,wA7/&z?e4,23/7/1978
C2209,Ms,Meridith,Burnside,448319236387,mburnsidecr@behance.net,pJ8`8/v=UI(,25/7/1994
C2210,Honorable,Catha,Dingsdale,447284567149,cdingsdalecs@cargocollective.com,"pN9<XkDj2""qKz",6/8/1976
C2211,Rev,Lurline,Pettinger,447155806886,lpettingerct@discuz.net,dL1'p9!j4MFqJ2L,9/8/2001
C2212,Dr,Xerxes,Boland,443764965946,xbolandcu@biblegateway.com,mV9}8JVmaXl`I,19/6/1985
C2213,Rev,Eb,Salla,442232659485,esallacv@prlog.org,pU4'7B>Di,18/5/2003
C2214,Mr,Zia,Hanmore,448758316874,zhanmorecw@ox.ac.uk,"zE2\+Pv"">T<.p6G*",24/3/1981
C2215,Mrs,Batsheva,Raspin,444630828665,braspincx@dailymotion.com,pX4?Fl6Ol?@cC,13/11/1979
C2216,Honorable,Nan,Benzi,445472558566,nbenzicy@go.com,fE4=L?7*{&y,10/5/1990
C2217,Mrs,Zed,Ciccetti,440899788922,zciccetticz@yolasite.com,"pI0(LTv,/",26/4/2007
C2218,Mr,Matthiew,Wakes,449704010742,mwakesd0@hatena.ne.jp,cM8|t$XG6h)g&s,21/6/1972
C2219,Honorable,Calli,Morecomb,446200864263,cmorecombd1@dailymotion.com,"vZ5""Xd|lPal'rNz",27/10/2000
C2220,Mr,Evangelina,Monget,441846662598,emongetd2@google.pl,nV0@WLjgZtjkf,9/2/1991
C2221,Ms,Jerry,Rowcastle,449007618205,jrowcastled3@feedburner.com,uZ8$`BK7dCs,30/7/1977
C2222,Honorable,Heriberto,Bedberry,448309308966,hbedberryd4@seesaa.net,"jM9'HpR/1*zK,/",10/6/1986
C2223,Rev,Marita,Tourne,444883119956,mtourned5@live.com,kU1@(j~h5,30/7/1982
C2224,Dr,Claiborn,Yea,447505205440,cyead6@wsj.com,oP6'H!mnesE,11/3/1994
C2225,Ms,Mack,Surmeir,443765113515,msurmeird7@mysql.com,"sB7/SMG""o5",5/12/2000
C2226,Honorable,Kinsley,Harfoot,444729121141,kharfootd8@sina.com.cn,uN5?HMvN,9/7/1970
C2227,Honorable,Guenevere,Gorghetto,447690413050,ggorghettod9@latimes.com,nL2{CXDBL,3/10/1997
C2228,Ms,Hamilton,Philipeau,443999349906,hphilipeauda@ocn.ne.jp,"xK3@f&SP$""@N+A",27/10/1990
C2229,Ms,Cinnamon,Ogg,444170880180,coggdb@adobe.com,sQ8+tAAuS5kL0,16/12/2005
C2230,Ms,Yasmeen,Blondelle,448696742776,yblondelledc@twitpic.com,hA2@STY77,9/8/1980
C2231,Mrs,Camile,Lamacraft,443869072137,clamacraftdd@fda.gov,hQ9'Xs@.iPtF9S,30/5/1977
C2232,Rev,Austen,Thomke,441405540141,athomkede@hhs.gov,"hN6,a=o50O",29/1/1981
C2233,Honorable,Humberto,Raoux,440252428362,hraouxdf@yellowbook.com,kF0(dEefdLt<JX!%,10/2/1978
C2234,Mr,Keefer,Glanister,447171615830,kglanisterdg@cpanel.net,jK3}!s6>,2/7/1984
C2235,Mr,Hanna,Veldstra,440906487080,hveldstradh@walmart.com,oX1*o+\BZxZ,21/6/1984
C2236,Dr,Aida,Kilfeather,445126088610,akilfeatherdi@netvibes.com,hJ2%37i8s73,24/3/2006
C2237,Mrs,Douglas,Drynan,445629253452,ddrynandj@freewebs.com,wF8)mq!)Y,18/12/2007
C2238,Rev,Janna,Youell,443859348819,jyouelldk@sogou.com,hU6/kK8Suz&TN/*$,15/2/1973
C2239,Ms,Cody,Baurerich,448139289203,cbaurerichdl@netvibes.com,pM9_317zoo*,2/3/1999
C2240,Ms,Ariana,Buckie,441191554681,abuckiedm@google.com.hk,sG7%XY<Gi2Yke,14/7/1975
C2241,Dr,Lynda,Wildt,445837917942,lwildtdn@theguardian.com,"uC8`8(NV""d<f.}",5/7/1999
C2242,Honorable,Zsa zsa,Tolhurst,440842178994,ztolhurstdo@sogou.com,mP7@+{0}pOzJslN,6/11/1988
C2243,Dr,Domenico,Oslar,447786228313,doslardp@phoca.cz,oR9)'#)_u/Yu,12/6/1999
C2244,Mrs,Adela,Oulner,449576586838,aoulnerdq@uol.com.br,pE9=GKBjWX`pj,23/12/2006
C2245,Rev,Ugo,Chesley,449760614616,uchesleydr@pagesperso-orange.fr,"oQ7/H2'`U~H1,`S",9/3/1991
C2246,Mrs,Hall,Mildmott,449613228988,hmildmottds@sun.com,sV5`=/o5v,6/6/1970
C2247,Mrs,Rina,Money,443908992832,rmoneydt@ameblo.jp,lB1{)j?f@V,29/12/1997
C2248,Honorable,Garvin,Rosensaft,440294232546,grosensaftdu@goodreads.com,"eJ6~,D,MKRilge%",27/7/1977
C2249,Dr,Giacomo,Lawrinson,446913752365,glawrinsondv@sciencedaily.com,jQ7\A3g=&,11/7/1998