SupplierID,SupplierName,Location,ContactPerson,ContactNumber,ContactEmail
SU1001,Stylish Creations Inc.,Marrakech,Daloris Kilfeder,+86 182 798 4067,dkilfeder0@gov.uk
SU1002,Fashion Forward Co.,Tel Aviv,Rosalie Le Fleming,+1 212 310 3662,rle1@xrea.com
SU1003,Trendy Threads Ltd.,Rio de Janeiro,Percival Jelkes,+351 692 599 0631,pjelkes2@yandex.ru
SU1004,Chic Couture Enterprises,Bangkok,Dolph McConnal,+63 361 771 9867,dmcconnal3@moonfruit.com
SU1005,Glamour Galore Corp.,Shanghai,Emmey Bucklee,+386 990 961 2146,ebucklee4@hp.com
SU1006,Vogue Ventures LLC,Riga,Basilio Mico,+674 248 790 1497,bmico5@virginia.edu
SU1007,Couture Connection Inc.,Manama,Dniren de la Valette Parisot,+81 565 707 4614,dde6@homestead.com
SU1008,Runway Royalty Ltd.,Amman,Diandra Cornill,+351 924 720 2293,dcornill7@mlb.com
SU1009,Dapper Designs Co.,Skopje,Kennan Traher,+55 587 936 4508,ktraher8@weibo.com
SU1010,Sleek Styles Enterprises,Ankara,Elladine Powland,+54 759 445 8664,epowland9@narod.ru
SU1011,Elite Elegance Corp.,Zurich,Jeramie Boulger,+55 330 596 2397,jboulgera@domainmarket.com
SU1012,Charming Chic LLC,Madrid,Rodd Oldis,+351 696 338 7008,roldisb@dell.com
SU1013,Glamorous Garments Inc.,Sofia,Issiah Frederick,+81 172 484 1765,ifrederickc@themeforest.net
SU1014,Fashionista Fabrics Co.,Helsinki,Britt Mohammad,+62 622 302 3890,bmohammadd@jiathis.com
SU1015,Trendsetter Textiles Ltd.,Stockholm,Eugenie Braunthal,+1 928 847 9870,ebraunthale@theatlantic.com
SU1016,Chic Boutique Enterprises,Tel Aviv,Leonie Hounsom,+86 720 632 3605,lhounsomf@patch.com
SU1017,Couture Corner Inc.,Copenhagen,Percy Stockill,+86 566 839 3399,pstockillg@unicef.org
SU1018,Runway Ready Ltd.,Mexico City,Nana Stuckow,+84 745 514 5859,nstuckowh@sfgate.com
SU1019,Dashing Designs Co.,Berlin,Erny Fourmy,+86 331 637 8080,efourmyi@google.com.br
SU1020,Sassy Styles Enterprises,Manama,Pembroke McGill,+63 577 266 2823,pmcgillj@go.com
SU1021,Elegant Ensembles Corp.,Moscow,Jake Tizard,+86 988 844 8327,jtizardk@paginegialle.it
SU1022,Chic Charm LLC,Madrid,Kata Marwick,+20 670 936 4048,kmarwickl@shareasale.com
SU1023,Glamour Gowns Inc.,Hong Kong,Verena Giaomozzo,+48 197 507 1032,vgiaomozzom@google.com.au
SU1024,Fashion Fusion Co.,Belgrade,Audrey Talby,+86 621 855 9371,atalbyn@mapquest.com
SU1025,Trendy Tailors Ltd.,Barcelona,Newton Vahl,+49 512 243 9236,nvahlo@networksolutions.com
